[
  {
    "id": 1761670885685,
    "text": "qss",
    "images": [
      "/uploads/1761670885681-66860470.jpg"
    ],
    "createdAt": "2025-10-28T17:01:25.685Z"
  },
  {
    "id": 1761670678437,
    "text": "hillo",
    "images": [
      "/uploads/1761670678430-878023123.jpg"
    ],
    "createdAt": "2025-10-28T16:57:58.437Z"
  },
  {
    "id": 1761581941325,
    "text": "hilloop",
    "images": [
      "/uploads/1761581941323-481998064.avif"
    ],
    "createdAt": "2025-10-27T16:19:01.325Z"
  },
  {
    "id": 1761581900717,
    "text": "hi",
    "images": [],
    "createdAt": "2025-10-27T16:18:20.717Z"
  },
  {
    "id": 1761581840568,
    "text": "hillo",
    "images": [
      "/uploads/1761581840566-241059636.jpg"
    ],
    "createdAt": "2025-10-27T16:17:20.568Z"
  },
  {
    "id": 1761581825103,
    "text": "hillo",
    "images": [],
    "createdAt": "2025-10-27T16:17:05.103Z"
  },
  {
    "id": 1761581440919,
    "text": "hi",
    "images": [],
    "createdAt": "2025-10-27T16:10:40.919Z"
  },
  {
    "id": 1761581415512,
    "text": "hillo",
    "images": [
      "/uploads/1761581415508-317585987.jpg"
    ],
    "createdAt": "2025-10-27T16:10:15.512Z"
  },
  {
    "id": 1761580960081,
    "text": "hillo it is working!!!",
    "images": [
      "/uploads/1761580960077-728390746.jpg"
    ],
    "createdAt": "2025-10-27T16:02:40.081Z"
  },
  {
    "id": 1761580928486,
    "text": "hillo",
    "images": [
      "/uploads/1761580928479-946351367.jpg"
    ],
    "createdAt": "2025-10-27T16:02:08.486Z"
  },
  {
    "id": 1761580392546,
    "text": "ss",
    "images": [],
    "createdAt": "2025-10-27T15:53:12.546Z"
  },
  {
    "id": 1761580389093,
    "text": "qq",
    "images": [],
    "createdAt": "2025-10-27T15:53:09.093Z"
  },
  {
    "id": 1761580383873,
    "text": "sss",
    "images": [],
    "createdAt": "2025-10-27T15:53:03.873Z"
  },
  {
    "id": 1761580379665,
    "text": "skkkkq",
    "images": [],
    "createdAt": "2025-10-27T15:52:59.665Z"
  },
  {
    "id": 1761580336314,
    "text": "1ss",
    "images": [],
    "createdAt": "2025-10-27T15:52:16.314Z"
  },
  {
    "id": 1761580331935,
    "text": "xx",
    "images": [],
    "createdAt": "2025-10-27T15:52:11.935Z"
  },
  {
    "id": 1761580198747,
    "text": "z n  d",
    "images": [],
    "createdAt": "2025-10-27T15:49:58.747Z"
  },
  {
    "id": 1761580194091,
    "text": "scmdnvd",
    "images": [],
    "createdAt": "2025-10-27T15:49:54.091Z"
  },
  {
    "id": 1761580149743,
    "text": "sjndjnvn",
    "images": [],
    "createdAt": "2025-10-27T15:49:09.743Z"
  }
]